id_veiculo,id_carregador,categoria_potencia,nivel_consumo,qtd_sessoes_carga,mes_referencia,tempo_carga_horas,energia_total_entregue,data_sessao,potencia_media
EV100,CH018-CH024,2. Média Potência,2. Consumo Médio,1,6,0.84,29.97,2018-06-07,35.82
EV100,CH018-CH024,2. Média Potência,3. Consumo Elevado,1,6,3.06,95.65,2018-06-28,31.28
EV100,CH018-CH024,2. Média Potência,3. Consumo Elevado,1,10,8.68,318.49,2018-10-02,36.69
EV100,CH018-CH024,2. Média Potência,3. Consumo Elevado,1,12,2.53,104.18,2018-12-06,41.2
EV100,CH018-CH024,2. Média Potência,1. Consumo Baixo,1,12,0.01,0.18,2018-12-07,23.09
EV100,CH018-CH024,2. Média Potência,3. Consumo Elevado,1,12,5.07,187.48,2018-12-13,36.98
EV100,CH018-CH024,2. Média Potência,3. Consumo Elevado,1,12,2.23,74.46,2018-12-21,33.42
EV100,CH018-CH024,1. Baixa Potência,1. Consumo Baixo,1,12,7.92,9.56,2018-12-27,1.21
EV100,CH018-CH024,1. Baixa Potência,2. Consumo Médio,1,12,5.5,17.49,2018-12-28,3.18
EV100,CH018-CH024,1. Baixa Potência,3. Consumo Elevado,1,12,4.59,45.41,2018-12-31,9.9
EV100,CH018-CH024,1. Baixa Potência,3. Consumo Elevado,1,1,7.93,51.55,2019-01-04,6.5
EV100,CH018-CH024,2. Média Potência,3. Consumo Elevado,1,1,7.2,263.35,2019-01-07,36.55
EV100,CH018-CH024,2. Média Potência,3. Consumo Elevado,1,1,8.82,242.01,2019-01-14,27.43
EV100,CH018-CH024,2. Média Potência,3. Consumo Elevado,1,1,10.47,224.08,2019-01-15,21.41
EV100,CH018-CH024,1. Baixa Potência,1. Consumo Baixo,1,1,7.19,7.4,2019-01-18,1.03
EV100,CH018-CH024,2. Média Potência,3. Consumo Elevado,1,1,9.48,357.29,2019-01-22,37.69
EV100,CH018-CH024,1. Baixa Potência,1. Consumo Baixo,1,1,1.73,2.25,2019-01-23,1.3
EV100,CH018-CH024,1. Baixa Potência,3. Consumo Elevado,1,1,6.76,80.88,2019-01-25,11.97
EV100,CH018-CH024,1. Baixa Potência,2. Consumo Médio,1,2,5.97,11.98,2019-02-01,2.01
EV100,CH018-CH024,2. Média Potência,3. Consumo Elevado,1,2,4.36,101.59,2019-02-04,23.31
EV100,CH018-CH024,2. Média Potência,2. Consumo Médio,1,2,1.28,29.9,2019-02-05,23.38
EV100,CH018-CH024,2. Média Potência,3. Consumo Elevado,1,2,10.13,365.6,2019-02-06,36.08
EV100,CH018-CH024,2. Média Potência,3. Consumo Elevado,1,2,4.36,153.79,2019-02-07,35.25
EV100,CH018-CH024,2. Média Potência,3. Consumo Elevado,1,2,8.24,293.09,2019-02-13,35.57
EV100,CH018-CH024,2. Média Potência,3. Consumo Elevado,1,2,9.46,353.86,2019-02-14,37.41
EV100,CH018-CH024,2. Média Potência,3. Consumo Elevado,1,2,10.38,359.46,2019-02-15,34.65
EV100,CH018-CH024,1. Baixa Potência,1. Consumo Baixo,1,2,0.55,0.38,2019-02-16,0.7
EV100,CH018-CH024,2. Média Potência,3. Consumo Elevado,1,2,9.51,346.16,2019-02-18,36.4
EV100,CH018-CH024,2. Média Potência,3. Consumo Elevado,1,2,8.96,338.45,2019-02-19,37.78
EV100,CH018-CH024,2. Média Potência,3. Consumo Elevado,1,2,9.22,358.89,2019-02-20,38.93
EV100,CH018-CH024,2. Média Potência,3. Consumo Elevado,1,2,8.01,203.7,2019-02-21,25.42
EV100,CH018-CH024,1. Baixa Potência,1. Consumo Baixo,1,2,4.21,5.3,2019-02-22,1.26
EV100,CH018-CH024,2. Média Potência,3. Consumo Elevado,1,2,9.67,339.33,2019-02-25,35.08
EV100,CH018-CH024,2. Média Potência,3. Consumo Elevado,1,2,8.97,319.58,2019-02-27,35.62
EV100,CH018-CH024,2. Média Potência,3. Consumo Elevado,1,2,10.26,321.82,2019-02-28,31.37
EV100,CH018-CH024,2. Média Potência,3. Consumo Elevado,1,3,7.46,172.03,2019-03-01,23.07
EV100,CH018-CH024,1. Baixa Potência,3. Consumo Elevado,1,3,5.93,107.95,2019-03-05,18.2
EV100,CH018-CH024,2. Média Potência,3. Consumo Elevado,1,3,8.8,313.11,2019-03-06,35.59
EV100,CH018-CH024,2. Média Potência,3. Consumo Elevado,1,3,8.61,242.37,2019-03-07,28.16
EV100,CH018-CH024,2. Média Potência,3. Consumo Elevado,1,3,10.41,293.51,2019-03-08,28.2
EV100,CH018-CH024,1. Baixa Potência,1. Consumo Baixo,1,3,2.56,0.75,2019-03-09,0.29
EV100,CH018-CH024,2. Média Potência,3. Consumo Elevado,1,3,7.97,304.75,2019-03-11,38.25
EV100,CH018-CH024,2. Média Potência,3. Consumo Elevado,1,3,6.93,260.29,2019-03-12,37.58
EV100,CH018-CH024,2. Média Potência,3. Consumo Elevado,1,3,8.29,270.13,2019-03-13,32.57
EV100,CH018-CH024,1. Baixa Potência,1. Consumo Baixo,1,3,6.54,1.14,2019-03-19,0.17
EV100,CH018-CH024,1. Baixa Potência,1. Consumo Baixo,1,3,3.66,9.71,2019-03-28,2.66
EV100,CH018-CH024,2. Média Potência,3. Consumo Elevado,1,4,2.74,105.11,2019-04-04,38.4
EV100,CH018-CH024,2. Média Potência,3. Consumo Elevado,1,4,7.92,251.82,2019-04-05,31.79
EV100,CH018-CH024,2. Média Potência,3. Consumo Elevado,1,4,8.45,198.92,2019-04-08,23.55
EV100,CH018-CH024,2. Média Potência,3. Consumo Elevado,1,4,8.47,250.52,2019-04-09,29.57
EV100,CH018-CH024,2. Média Potência,3. Consumo Elevado,1,4,5.5,138.65,2019-04-10,25.2
EV100,CH018-CH024,2. Média Potência,3. Consumo Elevado,1,4,8.07,291.72,2019-04-11,36.15
EV100,CH018-CH024,2. Média Potência,3. Consumo Elevado,1,4,3.51,118.96,2019-04-15,33.85
EV100,CH018-CH024,2. Média Potência,3. Consumo Elevado,1,4,6.66,189.67,2019-04-16,28.48
EV100,CH018-CH024,2. Média Potência,3. Consumo Elevado,1,4,9.94,256.86,2019-04-17,25.85
EV100,CH018-CH024,2. Média Potência,3. Consumo Elevado,1,4,9.71,356.38,2019-04-18,36.71
EV100,CH018-CH024,2. Média Potência,3. Consumo Elevado,1,4,11.03,410.26,2019-04-19,37.2
EV100,CH018-CH024,2. Média Potência,3. Consumo Elevado,1,4,8.14,226.8,2019-04-22,27.86
EV100,CH018-CH024,2. Média Potência,3. Consumo Elevado,1,4,7.67,242.35,2019-04-23,31.59
EV100,CH018-CH024,2. Média Potência,3. Consumo Elevado,1,4,5.59,197.97,2019-04-24,35.41
EV100,CH018-CH024,2. Média Potência,3. Consumo Elevado,1,4,7.86,178.59,2019-04-25,22.71
EV100,CH018-CH024,2. Média Potência,3. Consumo Elevado,1,4,5.15,131.42,2019-04-26,25.53
EV100,CH018-CH024,1. Baixa Potência,3. Consumo Elevado,1,4,5.2,80.85,2019-04-27,15.55
EV100,CH018-CH024,2. Média Potência,3. Consumo Elevado,1,4,5.16,155.42,2019-04-29,30.12
EV100,CH018-CH024,1. Baixa Potência,3. Consumo Elevado,1,5,4.01,65.25,2019-05-02,16.28
EV100,CH018-CH024,1. Baixa Potência,1. Consumo Baixo,1,5,2.99,3.79,2019-05-03,1.27
EV100,CH018-CH024,2. Média Potência,3. Consumo Elevado,1,5,2.96,114.05,2019-05-05,38.49
EV100,CH018-CH024,1. Baixa Potência,3. Consumo Elevado,1,5,6.32,117.32,2019-05-06,18.58
EV100,CH018-CH024,2. Média Potência,3. Consumo Elevado,1,5,10.46,407.27,2019-05-07,38.95
EV100,CH018-CH024,2. Média Potência,3. Consumo Elevado,1,5,8.32,226.52,2019-05-08,27.22
EV100,CH018-CH024,2. Média Potência,3. Consumo Elevado,1,5,6.38,192.71,2019-05-10,30.19
EV100,CH018-CH024,2. Média Potência,3. Consumo Elevado,1,5,2.58,78.9,2019-05-11,30.64
EV100,CH018-CH024,2. Média Potência,3. Consumo Elevado,1,5,2.63,80.52,2019-05-13,30.6
EV100,CH018-CH024,2. Média Potência,3. Consumo Elevado,1,5,4.81,179.62,2019-05-14,37.34
EV100,CH018-CH024,2. Média Potência,3. Consumo Elevado,1,5,11.88,262.53,2019-05-15,22.11
EV100,CH018-CH024,1. Baixa Potência,3. Consumo Elevado,1,5,4.91,78.04,2019-05-16,15.89
EV100,CH018-CH024,2. Média Potência,3. Consumo Elevado,1,5,5.26,188.94,2019-05-19,35.9
EV100,CH018-CH024,2. Média Potência,3. Consumo Elevado,1,5,3.21,108.66,2019-05-20,33.84
EV100,CH018-CH024,1. Baixa Potência,1. Consumo Baixo,1,5,0.31,5.22,2019-05-23,16.9
EV100,CH018-CH024,1. Baixa Potência,1. Consumo Baixo,1,5,2.89,3.41,2019-05-24,1.18
EV100,CH018-CH024,1. Baixa Potência,3. Consumo Elevado,1,6,2.77,52.17,2019-06-03,18.83
EV100,CH018-CH024,1. Baixa Potência,3. Consumo Elevado,1,6,7.36,87.79,2019-06-05,11.93
EV100,CH018-CH024,1. Baixa Potência,2. Consumo Médio,1,7,1.35,17.35,2019-07-02,12.82
EV100,CH018-CH024,2. Média Potência,3. Consumo Elevado,1,7,1.76,48.53,2019-07-12,27.53
EV100,CH018-CH024,1. Baixa Potência,3. Consumo Elevado,1,7,4.16,35.06,2019-07-15,8.42
EV100,CH018-CH024,1. Baixa Potência,2. Consumo Médio,1,7,3.09,15.15,2019-07-22,4.9
EV100,CH018-CH024,1. Baixa Potência,2. Consumo Médio,1,7,3.51,13.33,2019-07-26,3.8
EV100,CH018-CH024,1. Baixa Potência,1. Consumo Baixo,1,7,1.44,0.97,2019-07-30,0.67
EV100,CH018-CH024,1. Baixa Potência,1. Consumo Baixo,1,8,2.16,5.4,2019-08-01,2.5
EV100,CH018-CH024,1. Baixa Potência,3. Consumo Elevado,1,8,3.49,33.44,2019-08-06,9.57
EV100,CH018-CH024,1. Baixa Potência,2. Consumo Médio,1,8,3.37,25.13,2019-08-08,7.45
EV100,CH018-CH024,2. Média Potência,3. Consumo Elevado,1,8,3.83,145.18,2019-08-09,37.89
EV100,CH018-CH024,2. Média Potência,3. Consumo Elevado,1,8,6.18,222.31,2019-08-10,35.98
EV100,CH018-CH024,2. Média Potência,3. Consumo Elevado,1,8,6.16,231.59,2019-08-12,37.57
EV100,CH018-CH024,2. Média Potência,3. Consumo Elevado,1,8,5.76,166.0,2019-08-13,28.8
EV100,CH018-CH024,2. Média Potência,3. Consumo Elevado,1,8,5.92,200.36,2019-08-14,33.82
EV100,CH018-CH024,2. Média Potência,3. Consumo Elevado,1,8,5.42,205.77,2019-08-15,38.0
EV100,CH018-CH024,2. Média Potência,3. Consumo Elevado,1,8,4.85,176.57,2019-08-16,36.39
EV100,CH018-CH024,1. Baixa Potência,3. Consumo Elevado,1,8,6.05,84.84,2019-08-17,14.03
EV100,CH018-CH024,2. Média Potência,3. Consumo Elevado,1,8,6.98,161.16,2019-08-19,23.09
EV100,CH018-CH024,2. Média Potência,3. Consumo Elevado,1,8,4.25,162.84,2019-08-20,38.27
EV100,CH018-CH024,1. Baixa Potência,3. Consumo Elevado,1,8,6.12,97.08,2019-08-21,15.87
EV100,CH018-CH024,2. Média Potência,3. Consumo Elevado,1,8,5.96,199.83,2019-08-22,33.55
EV100,CH018-CH024,2. Média Potência,3. Consumo Elevado,1,8,7.18,171.72,2019-08-23,23.9
EV100,CH018-CH024,2. Média Potência,3. Consumo Elevado,1,8,6.57,217.2,2019-08-28,33.06
EV100,CH018-CH024,2. Média Potência,3. Consumo Elevado,1,8,6.32,192.04,2019-08-29,30.41
EV100,CH018-CH024,1. Baixa Potência,1. Consumo Baixo,1,9,0.02,0.11,2019-09-16,4.85
EV100,CH018-CH024,2. Média Potência,2. Consumo Médio,1,10,0.45,19.23,2019-10-01,42.49
EV100,CH018-CH024,1. Baixa Potência,3. Consumo Elevado,1,10,6.89,31.24,2019-10-11,4.53
EV100,CH018-CH024,2. Média Potência,3. Consumo Elevado,1,10,5.31,208.48,2019-10-31,39.23
EV100,CH018-CH024,2. Média Potência,3. Consumo Elevado,1,11,10.87,348.28,2019-11-01,32.04
EV100,CH018-CH024,1. Baixa Potência,2. Consumo Médio,1,11,1.19,16.18,2019-11-02,13.62
EV100,CH018-CH024,1. Baixa Potência,2. Consumo Médio,1,11,3.07,14.95,2019-11-06,4.87
EV100,CH018-CH024,1. Baixa Potência,3. Consumo Elevado,1,11,3.6,42.99,2019-11-08,11.96
EV100,CH018-CH024,1. Baixa Potência,3. Consumo Elevado,1,11,5.53,49.41,2019-11-12,8.93
EV100,CH018-CH024,1. Baixa Potência,1. Consumo Baixo,1,11,3.78,2.6,2019-11-13,0.69
EV100,CH018-CH024,2. Média Potência,3. Consumo Elevado,1,11,6.37,230.62,2019-11-14,36.18
EV100,CH018-CH024,2. Média Potência,3. Consumo Elevado,1,11,8.38,235.86,2019-11-15,28.16
EV100,CH018-CH024,2. Média Potência,3. Consumo Elevado,4,11,3.42,98.91,2019-11-20,28.94
EV100,CH018-CH024,2. Média Potência,3. Consumo Elevado,2,11,8.87,309.49,2019-11-21,34.89
EV100,CH018-CH024,2. Média Potência,3. Consumo Elevado,2,11,8.07,271.35,2019-11-22,33.62
EV100,CH018-CH024,2. Média Potência,3. Consumo Elevado,2,11,6.84,221.99,2019-11-25,32.47
EV100,CH018-CH024,2. Média Potência,3. Consumo Elevado,3,11,7.24,259.73,2019-11-26,35.89
EV100,CH018-CH024,2. Média Potência,3. Consumo Elevado,2,11,7.83,295.68,2019-11-27,37.77
EV100,CH018-CH024,2. Média Potência,3. Consumo Elevado,2,11,8.04,202.81,2019-11-29,25.21
EV100,CH018-CH024,2. Média Potência,3. Consumo Elevado,2,12,8.57,230.04,2019-12-02,26.85
EV100,CH018-CH024,2. Média Potência,3. Consumo Elevado,2,12,4.7,189.08,2019-12-03,40.24
EV100,CH018-CH024,2. Média Potência,3. Consumo Elevado,2,12,8.07,265.45,2019-12-04,32.89
EV100,CH018-CH024,2. Média Potência,3. Consumo Elevado,3,12,6.41,257.86,2019-12-05,40.2
EV100,CH018-CH024,2. Média Potência,3. Consumo Elevado,2,12,7.71,264.8,2019-12-06,34.33
EV100,CH018-CH024,2. Média Potência,3. Consumo Elevado,3,12,7.44,233.65,2019-12-07,31.39
EV100,CH018-CH024,2. Média Potência,3. Consumo Elevado,2,12,3.68,148.9,2019-12-08,40.41
EV100,CH018-CH024,2. Média Potência,3. Consumo Elevado,2,12,8.33,311.51,2019-12-09,37.38
EV100,CH018-CH024,2. Média Potência,3. Consumo Elevado,3,12,8.36,240.87,2019-12-10,28.8
EV100,CH018-CH024,2. Média Potência,3. Consumo Elevado,2,12,8.54,290.62,2019-12-12,34.04
EV100,CH018-CH024,2. Média Potência,3. Consumo Elevado,1,12,3.74,156.14,2019-12-13,41.74
EV100,CH018-CH024,1. Baixa Potência,3. Consumo Elevado,3,12,6.93,121.29,2019-12-16,17.49
EV100,CH018-CH024,2. Média Potência,3. Consumo Elevado,2,12,7.19,244.89,2019-12-17,34.07
EV100,CH018-CH024,2. Média Potência,3. Consumo Elevado,2,12,9.4,297.59,2019-12-18,31.64
EV100,CH018-CH024,2. Média Potência,3. Consumo Elevado,2,12,8.99,212.23,2019-12-19,23.62
EV100,CH018-CH024,2. Média Potência,3. Consumo Elevado,2,12,6.62,235.1,2019-12-20,35.5
EV100,CH018-CH024,1. Baixa Potência,1. Consumo Baixo,1,12,1.06,1.97,2019-12-21,1.85
EV100,CH018-CH024,2. Média Potência,3. Consumo Elevado,2,12,6.25,227.14,2019-12-23,36.36
EV100,CH018-CH024,2. Média Potência,3. Consumo Elevado,2,12,6.48,240.5,2019-12-24,37.09
EV100,CH018-CH024,2. Média Potência,3. Consumo Elevado,1,12,2.7,99.77,2019-12-26,36.98
EV100,CH018-CH024,2. Média Potência,3. Consumo Elevado,1,12,4.82,144.7,2019-12-27,30.01
EV100,CH018-CH024,2. Média Potência,3. Consumo Elevado,3,12,2.88,93.27,2019-12-29,32.44
EV100,CH018-CH024,1. Baixa Potência,3. Consumo Elevado,1,12,2.11,41.93,2019-12-30,19.89
EV100,CH018-CH024,2. Média Potência,2. Consumo Médio,1,1,0.6,25.4,2020-01-02,42.09
EV100,CH018-CH024,2. Média Potência,3. Consumo Elevado,7,1,10.32,221.38,2020-01-03,21.45
EV100,CH018-CH024,2. Média Potência,3. Consumo Elevado,1,1,4.86,100.22,2020-01-04,20.61
EV100,CH018-CH024,1. Baixa Potência,1. Consumo Baixo,2,1,0.08,0.2,2020-01-05,2.48
EV100,CH018-CH024,1. Baixa Potência,3. Consumo Elevado,1,1,5.08,101.3,2020-01-06,19.92
EV100,CH018-CH024,1. Baixa Potência,2. Consumo Médio,1,1,2.18,16.02,2020-01-27,7.35
EV100,CH018-CH024,2. Média Potência,3. Consumo Elevado,3,1,7.86,315.57,2020-01-28,40.14
EV100,CH018-CH024,1. Baixa Potência,3. Consumo Elevado,2,1,6.31,111.63,2020-01-29,17.68
EV100,CH018-CH024,2. Média Potência,3. Consumo Elevado,2,1,8.81,252.47,2020-01-30,28.66
EV100,CH018-CH024,2. Média Potência,3. Consumo Elevado,2,1,8.29,247.25,2020-01-31,29.84
EV100,CH018-CH024,1. Baixa Potência,1. Consumo Baixo,1,2,1.35,4.95,2020-02-04,3.68
EV100,CH018-CH024,1. Baixa Potência,1. Consumo Baixo,1,2,1.24,3.79,2020-02-07,3.07
EV100,CH018-CH024,1. Baixa Potência,1. Consumo Baixo,1,2,0.53,0.31,2020-02-09,0.59
EV100,CH018-CH024,1. Baixa Potência,2. Consumo Médio,3,2,2.29,14.75,2020-02-19,6.45
EV100,CH018-CH024,2. Média Potência,3. Consumo Elevado,2,6,7.21,212.65,2020-06-11,29.48
EV100,CH018-CH024,1. Baixa Potência,1. Consumo Baixo,1,6,3.47,1.06,2020-06-12,0.31
EV100,CH018-CH024,1. Baixa Potência,1. Consumo Baixo,1,6,1.15,1.67,2020-06-15,1.45
EV100,CH018-CH024,1. Baixa Potência,3. Consumo Elevado,2,6,5.64,65.04,2020-06-16,11.54
EV100,CH018-CH024,2. Média Potência,3. Consumo Elevado,2,6,8.36,243.83,2020-06-19,29.15
EV100,CH018-CH024,2. Média Potência,3. Consumo Elevado,2,6,7.7,193.61,2020-06-22,25.14
EV100,CH018-CH024,2. Média Potência,3. Consumo Elevado,2,6,6.69,197.71,2020-06-23,29.56
EV100,CH018-CH024,2. Média Potência,3. Consumo Elevado,2,6,6.65,199.3,2020-06-24,29.98
EV100,CH018-CH024,2. Média Potência,3. Consumo Elevado,1,6,1.88,67.25,2020-06-25,35.81
EV100,CH018-CH024,1. Baixa Potência,3. Consumo Elevado,1,6,3.36,44.67,2020-06-30,13.28
EV100,CH018-CH024,2. Média Potência,3. Consumo Elevado,1,7,1.89,68.41,2020-07-01,36.27
EV100,CH018-CH024,2. Média Potência,3. Consumo Elevado,1,7,2.62,97.96,2020-07-02,37.39
EV100,CH018-CH024,2. Média Potência,3. Consumo Elevado,2,7,4.29,159.11,2020-07-06,37.09
EV100,CH018-CH024,2. Média Potência,3. Consumo Elevado,2,7,5.82,142.7,2020-07-07,24.53
EV100,CH018-CH024,2. Média Potência,3. Consumo Elevado,2,7,5.87,165.04,2020-07-08,28.13
EV100,CH018-CH024,2. Média Potência,3. Consumo Elevado,2,7,6.3,173.6,2020-07-09,27.57
EV100,CH018-CH024,2. Média Potência,3. Consumo Elevado,1,7,3.73,84.6,2020-07-10,22.68
EV100,CH018-CH024,2. Média Potência,3. Consumo Elevado,2,7,4.91,114.44,2020-07-12,23.33
EV100,CH018-CH024,2. Média Potência,3. Consumo Elevado,1,7,3.04,109.6,2020-07-14,36.02
EV100,CH018-CH024,1. Baixa Potência,3. Consumo Elevado,1,8,3.75,65.17,2020-08-07,17.4
EV100,CH018-CH024,1. Baixa Potência,3. Consumo Elevado,1,8,2.77,43.59,2020-08-08,15.76
EV100,CH018-CH024,1. Baixa Potência,3. Consumo Elevado,1,8,3.36,50.21,2020-08-10,14.94
EV100,CH018-CH024,2. Média Potência,3. Consumo Elevado,3,8,8.08,250.86,2020-08-11,31.05
EV100,CH018-CH024,2. Média Potência,3. Consumo Elevado,3,8,7.31,188.19,2020-08-12,25.76
EV100,CH018-CH024,2. Média Potência,3. Consumo Elevado,1,8,4.49,173.72,2020-08-13,38.72
EV100,CH018-CH024,2. Média Potência,3. Consumo Elevado,2,8,7.55,221.94,2020-08-14,29.39
EV100,CH018-CH024,2. Média Potência,3. Consumo Elevado,1,8,5.3,212.47,2020-08-15,40.07
EV100,CH018-CH024,2. Média Potência,2. Consumo Médio,1,8,0.55,17.74,2020-08-16,32.22
EV100,CH018-CH024,1. Baixa Potência,3. Consumo Elevado,1,8,2.99,39.92,2020-08-21,13.35
EV100,CH018-CH024,2. Média Potência,3. Consumo Elevado,1,8,2.48,96.89,2020-08-24,39.12
EV100,CH018-CH024,2. Média Potência,3. Consumo Elevado,3,8,6.23,184.2,2020-08-25,29.55
EV100,CH018-CH024,2. Média Potência,3. Consumo Elevado,3,8,5.92,163.31,2020-08-26,27.59
EV100,CH018-CH024,2. Média Potência,3. Consumo Elevado,2,8,6.95,219.13,2020-08-28,31.52
EV100,CH018-CH024,2. Média Potência,3. Consumo Elevado,1,8,6.35,196.67,2020-08-29,30.99
EV100,CH018-CH024,2. Média Potência,2. Consumo Médio,1,8,0.62,21.12,2020-08-30,34.26
EV100,CH018-CH024,1. Baixa Potência,3. Consumo Elevado,2,8,4.75,73.09,2020-08-31,15.4
EV100,CH018-CH024,1. Baixa Potência,3. Consumo Elevado,1,9,2.91,32.76,2020-09-11,11.25
EV100,CH018-CH024,1. Baixa Potência,1. Consumo Baixo,1,9,1.09,2.33,2020-09-12,2.13
EV100,CH018-CH024,2. Média Potência,3. Consumo Elevado,3,9,7.89,220.9,2020-09-18,28.0
EV100,CH018-CH024,1. Baixa Potência,3. Consumo Elevado,1,9,5.04,85.07,2020-09-19,16.87
EV100,CH018-CH024,2. Média Potência,3. Consumo Elevado,1,9,5.2,191.0,2020-09-20,36.73
EV100,CH018-CH024,1. Baixa Potência,3. Consumo Elevado,2,9,6.68,133.06,2020-09-21,19.92
EV100,CH018-CH024,2. Média Potência,3. Consumo Elevado,2,9,7.59,153.16,2020-09-22,20.19
EV100,CH018-CH024,1. Baixa Potência,3. Consumo Elevado,1,9,3.76,66.27,2020-09-23,17.63
EV100,CH018-CH024,2. Média Potência,3. Consumo Elevado,2,9,6.21,151.11,2020-09-24,24.32
EV100,CH018-CH024,2. Média Potência,3. Consumo Elevado,3,9,7.74,231.32,2020-09-25,29.9
EV100,CH018-CH024,2. Média Potência,3. Consumo Elevado,1,9,3.55,80.63,2020-09-26,22.71
EV100,CH018-CH024,2. Média Potência,3. Consumo Elevado,2,9,5.12,162.5,2020-09-27,31.75
EV100,CH018-CH024,2. Média Potência,3. Consumo Elevado,2,9,6.48,159.75,2020-09-28,24.65
EV100,CH018-CH024,2. Média Potência,3. Consumo Elevado,2,9,6.38,171.0,2020-09-29,26.82
EV100,CH018-CH024,2. Média Potência,3. Consumo Elevado,2,9,6.36,151.12,2020-09-30,23.76
EV100,CH018-CH024,2. Média Potência,3. Consumo Elevado,1,10,2.62,91.1,2020-10-14,34.78
EV100,CH018-CH024,1. Baixa Potência,3. Consumo Elevado,3,10,9.88,141.58,2020-10-15,14.32
EV100,CH018-CH024,2. Média Potência,3. Consumo Elevado,2,10,8.12,207.29,2020-10-16,25.54
EV100,CH018-CH024,2. Média Potência,3. Consumo Elevado,1,10,9.12,272.57,2020-10-17,29.88
EV100,CH018-CH024,2. Média Potência,3. Consumo Elevado,2,10,6.66,257.79,2020-10-18,38.68
EV100,CH018-CH024,2. Média Potência,3. Consumo Elevado,2,10,10.17,203.65,2020-10-19,20.03
EV100,CH018-CH024,2. Média Potência,3. Consumo Elevado,2,10,8.81,248.03,2020-10-20,28.15
EV100,CH018-CH024,2. Média Potência,3. Consumo Elevado,2,10,9.64,280.85,2020-10-21,29.13
EV100,CH018-CH024,2. Média Potência,3. Consumo Elevado,2,10,8.77,249.63,2020-10-22,28.45
EV100,CH018-CH024,2. Média Potência,3. Consumo Elevado,2,10,9.58,252.9,2020-10-23,26.4
EV100,CH018-CH024,2. Média Potência,3. Consumo Elevado,2,10,6.92,288.42,2020-10-24,41.66
EV100,CH018-CH024,2. Média Potência,3. Consumo Elevado,1,10,9.33,263.23,2020-10-25,28.22
EV100,CH018-CH024,2. Média Potência,3. Consumo Elevado,2,10,11.25,338.71,2020-10-26,30.11
EV100,CH018-CH024,2. Média Potência,3. Consumo Elevado,1,10,8.44,199.89,2020-10-27,23.67
EV100,CH018-CH024,1. Baixa Potência,1. Consumo Baixo,1,10,1.34,2.11,2020-10-28,1.57
EV100,CH018-CH024,2. Média Potência,3. Consumo Elevado,2,10,8.7,250.63,2020-10-29,28.8
EV100,CH018-CH024,2. Média Potência,3. Consumo Elevado,2,10,9.53,247.44,2020-10-30,25.98
EV100,CH018-CH024,2. Média Potência,3. Consumo Elevado,2,10,3.71,95.94,2020-10-31,25.83
EV100,CH018-CH024,2. Média Potência,3. Consumo Elevado,2,11,9.58,274.57,2020-11-02,28.67
EV100,CH018-CH024,2. Média Potência,3. Consumo Elevado,2,11,5.36,193.74,2020-11-03,36.12
EV100,CH018-CH024,2. Média Potência,3. Consumo Elevado,2,11,6.99,169.89,2020-11-04,24.32
EV100,CH018-CH024,1. Baixa Potência,3. Consumo Elevado,2,11,6.89,132.19,2020-11-05,19.18
EV100,CH018-CH024,2. Média Potência,1. Consumo Baixo,1,11,0.02,0.81,2020-11-12,40.76
EV100,CH018-CH024,1. Baixa Potência,3. Consumo Elevado,1,11,5.17,77.04,2020-11-17,14.89
EV100,CH018-CH024,1. Baixa Potência,2. Consumo Médio,1,11,3.08,28.43,2020-11-20,9.24
EV100,CH018-CH024,2. Média Potência,3. Consumo Elevado,1,11,5.72,171.98,2020-11-30,30.09
EV100,CH018-CH024,2. Média Potência,3. Consumo Elevado,1,12,5.95,130.2,2020-12-09,21.89
EV100,CH018-CH024,1. Baixa Potência,1. Consumo Baixo,1,12,1.29,6.28,2020-12-11,4.88
EV100,CH018-CH024,1. Baixa Potência,1. Consumo Baixo,3,12,0.58,0.8,2020-12-13,1.4
EV100,CH018-CH024,1. Baixa Potência,1. Consumo Baixo,1,12,0.93,2.85,2020-12-14,3.06
EV100,CH018-CH024,1. Baixa Potência,3. Consumo Elevado,1,12,2.88,32.35,2020-12-19,11.22
EV100,CH018-CH024,2. Média Potência,2. Consumo Médio,1,12,1.14,25.78,2020-12-22,22.64
EV100,CH018-CH024,1. Baixa Potência,2. Consumo Médio,1,12,1.9,16.89,2020-12-23,8.87
EV100,CH018-CH024,1. Baixa Potência,3. Consumo Elevado,1,12,2.81,52.25,2020-12-26,18.57
EV100,CH018-CH024,2. Média Potência,3. Consumo Elevado,1,1,5.02,187.31,2021-01-08,37.31
EV100,CH018-CH024,1. Baixa Potência,1. Consumo Baixo,1,1,0.84,1.26,2021-01-09,1.51
EV100,CH018-CH024,1. Baixa Potência,3. Consumo Elevado,3,1,6.71,50.6,2021-01-12,7.54
EV100,CH018-CH024,1. Baixa Potência,2. Consumo Médio,1,1,1.88,10.11,2021-01-13,5.39
EV100,CH018-CH024,2. Média Potência,3. Consumo Elevado,1,1,4.37,87.55,2021-01-14,20.04
EV100,CH018-CH024,1. Baixa Potência,2. Consumo Médio,1,1,2.66,22.29,2021-01-18,8.39
EV100,CH018-CH024,1. Baixa Potência,1. Consumo Baixo,1,1,1.66,8.92,2021-01-19,5.38
EV100,CH018-CH024,1. Baixa Potência,1. Consumo Baixo,1,1,1.74,9.44,2021-01-20,5.41
EV100,CH018-CH024,1. Baixa Potência,1. Consumo Baixo,1,1,0.87,1.72,2021-01-23,1.98
EV100,CH018-CH024,1. Baixa Potência,1. Consumo Baixo,1,1,1.22,3.84,2021-01-25,3.16
EV100,CH018-CH024,1. Baixa Potência,1. Consumo Baixo,1,1,1.43,6.66,2021-01-26,4.64
EV100,CH018-CH024,1. Baixa Potência,1. Consumo Baixo,1,1,1.86,9.34,2021-01-27,5.02
EV100,CH018-CH024,1. Baixa Potência,1. Consumo Baixo,2,1,2.14,9.23,2021-01-29,4.31
EV100,CH018-CH024,1. Baixa Potência,3. Consumo Elevado,1,2,4.48,36.53,2021-02-02,8.15
EV100,CH018-CH024,1. Baixa Potência,2. Consumo Médio,1,2,2.11,11.13,2021-02-03,5.28
EV100,CH018-CH024,1. Baixa Potência,1. Consumo Baixo,1,2,0.71,0.35,2021-02-04,0.49
EV100,CH018-CH024,2. Média Potência,3. Consumo Elevado,2,2,6.97,252.54,2021-02-24,36.22
EV100,CH018-CH024,1. Baixa Potência,2. Consumo Médio,1,2,0.73,12.58,2021-02-25,17.21
EV100,CH018-CH024,2. Média Potência,3. Consumo Elevado,1,2,4.33,121.29,2021-02-26,28.04
EV100,CH018-CH024,2. Média Potência,3. Consumo Elevado,2,3,8.55,213.93,2021-03-05,25.01
EV100,CH018-CH024,2. Média Potência,3. Consumo Elevado,2,3,8.16,205.41,2021-03-08,25.16
EV100,CH018-CH024,2. Média Potência,3. Consumo Elevado,2,3,9.36,284.07,2021-03-11,30.36
EV100,CH018-CH024,2. Média Potência,3. Consumo Elevado,2,3,10.0,261.33,2021-03-14,26.12
EV100,CH018-CH024,2. Média Potência,3. Consumo Elevado,2,3,10.08,243.93,2021-03-15,24.2
EV100,CH018-CH024,2. Média Potência,3. Consumo Elevado,2,3,7.31,198.72,2021-03-16,27.19
EV100,CH018-CH024,2. Média Potência,3. Consumo Elevado,2,3,9.25,234.07,2021-03-17,25.31
EV100,CH018-CH024,1. Baixa Potência,1. Consumo Baixo,1,3,1.47,4.93,2021-03-18,3.34
EV100,CH018-CH024,2. Média Potência,3. Consumo Elevado,2,3,8.39,196.69,2021-03-19,23.44
EV100,CH018-CH024,2. Média Potência,3. Consumo Elevado,2,3,6.21,133.98,2021-03-22,21.57
EV100,CH018-CH024,1. Baixa Potência,3. Consumo Elevado,2,3,7.08,98.98,2021-03-23,13.98
EV100,CH018-CH024,2. Média Potência,3. Consumo Elevado,2,3,7.41,204.17,2021-03-24,27.56
EV100,CH018-CH024,2. Média Potência,3. Consumo Elevado,2,3,9.24,186.09,2021-03-25,20.14
EV100,CH018-CH024,2. Média Potência,3. Consumo Elevado,2,3,9.91,253.77,2021-03-26,25.61
EV100,CH018-CH024,2. Média Potência,3. Consumo Elevado,2,3,9.0,254.03,2021-03-31,28.22
EV100,CH018-CH024,2. Média Potência,3. Consumo Elevado,2,4,8.82,203.94,2021-04-01,23.13
EV100,CH018-CH024,2. Média Potência,3. Consumo Elevado,2,4,8.55,208.66,2021-04-02,24.41
EV100,CH018-CH024,2. Média Potência,3. Consumo Elevado,1,4,3.95,81.62,2021-04-03,20.68
EV100,CH018-CH024,1. Baixa Potência,3. Consumo Elevado,1,4,3.61,60.85,2021-04-04,16.85
EV100,CH018-CH024,2. Média Potência,3. Consumo Elevado,2,4,7.97,161.59,2021-04-05,20.28
EV100,CH018-CH024,2. Média Potência,3. Consumo Elevado,2,4,8.03,215.76,2021-04-07,26.87
EV100,CH018-CH024,2. Média Potência,3. Consumo Elevado,2,4,9.48,208.11,2021-04-08,21.95
EV100,CH018-CH024,2. Média Potência,3. Consumo Elevado,2,4,7.97,200.84,2021-04-09,25.2
EV100,CH018-CH024,1. Baixa Potência,1. Consumo Baixo,1,4,1.22,1.47,2021-04-10,1.2
EV100,CH018-CH024,1. Baixa Potência,2. Consumo Médio,2,4,2.44,24.37,2021-04-13,10.0
EV100,CH018-CH024,1. Baixa Potência,2. Consumo Médio,1,4,1.96,10.25,2021-04-14,5.24
EV100,CH018-CH024,2. Média Potência,3. Consumo Elevado,3,4,8.37,276.75,2021-04-16,33.06
EV100,CH018-CH024,1. Baixa Potência,1. Consumo Baixo,1,4,1.39,0.56,2021-04-17,0.4
EV100,CH018-CH024,2. Média Potência,3. Consumo Elevado,2,4,5.94,229.03,2021-04-18,38.54
EV100,CH018-CH024,2. Média Potência,3. Consumo Elevado,2,4,10.09,213.33,2021-04-19,21.15
EV100,CH018-CH024,2. Média Potência,3. Consumo Elevado,2,4,6.1,141.93,2021-04-20,23.28
EV100,CH018-CH024,1. Baixa Potência,2. Consumo Médio,1,4,2.11,11.37,2021-04-21,5.38
EV100,CH018-CH024,1. Baixa Potência,1. Consumo Baixo,1,4,0.92,0.71,2021-04-23,0.77
EV100,CH018-CH024,1. Baixa Potência,1. Consumo Baixo,1,5,0.81,1.5,2021-05-02,1.85
EV100,CH018-CH024,1. Baixa Potência,1. Consumo Baixo,1,5,1.6,6.86,2021-05-03,4.28
EV100,CH018-CH024,2. Média Potência,3. Consumo Elevado,2,5,5.61,142.89,2021-05-07,25.47
EV100,CH018-CH024,2. Média Potência,3. Consumo Elevado,1,5,4.81,96.39,2021-05-08,20.05
EV100,CH018-CH024,2. Média Potência,3. Consumo Elevado,2,5,4.95,206.05,2021-05-09,41.63
EV100,CH018-CH024,2. Média Potência,3. Consumo Elevado,2,5,9.57,203.41,2021-05-10,21.25
EV100,CH018-CH024,2. Média Potência,3. Consumo Elevado,2,5,7.23,175.63,2021-05-11,24.3
EV100,CH018-CH024,1. Baixa Potência,3. Consumo Elevado,3,5,8.34,165.53,2021-05-12,19.86
EV100,CH018-CH024,2. Média Potência,3. Consumo Elevado,2,5,5.8,152.4,2021-05-14,26.28
EV100,CH018-CH024,1. Baixa Potência,3. Consumo Elevado,2,5,7.38,133.68,2021-05-20,18.11
EV100,CH018-CH024,1. Baixa Potência,1. Consumo Baixo,1,5,1.04,2.84,2021-05-23,2.74
EV100,CH018-CH024,2. Média Potência,3. Consumo Elevado,2,5,8.05,197.85,2021-05-24,24.58
EV100,CH018-CH024,2. Média Potência,3. Consumo Elevado,2,5,8.05,223.93,2021-05-27,27.83
EV100,CH018-CH024,2. Média Potência,3. Consumo Elevado,2,5,7.74,210.65,2021-05-28,27.2
EV100,CH018-CH024,2. Média Potência,3. Consumo Elevado,2,5,2.06,46.18,2021-05-29,22.45
EV100,CH018-CH024,2. Média Potência,3. Consumo Elevado,1,5,4.22,105.22,2021-05-30,24.92
EV100,CH018-CH024,1. Baixa Potência,1. Consumo Baixo,1,5,0.56,0.26,2021-05-31,0.46
EV100,CH018-CH024,2. Média Potência,3. Consumo Elevado,3,6,6.41,191.58,2021-06-01,29.88
EV100,CH018-CH024,1. Baixa Potência,3. Consumo Elevado,2,6,7.88,153.43,2021-06-02,19.48
EV100,CH018-CH024,2. Média Potência,3. Consumo Elevado,2,6,7.12,169.98,2021-06-03,23.87
EV100,CH018-CH024,1. Baixa Potência,3. Consumo Elevado,3,6,9.28,146.2,2021-06-04,15.75
EV100,CH018-CH024,2. Média Potência,3. Consumo Elevado,1,6,4.45,171.5,2021-06-05,38.55
EV100,CH018-CH024,1. Baixa Potência,1. Consumo Baixo,1,6,2.84,6.86,2021-06-06,2.42
EV100,CH018-CH024,2. Média Potência,3. Consumo Elevado,1,6,1.34,54.12,2021-06-07,40.47
EV100,CH018-CH024,1. Baixa Potência,3. Consumo Elevado,1,6,4.01,58.07,2021-06-08,14.48
EV100,CH018-CH024,1. Baixa Potência,3. Consumo Elevado,2,6,7.53,149.57,2021-06-09,19.86
EV100,CH018-CH024,1. Baixa Potência,3. Consumo Elevado,2,6,8.71,174.28,2021-06-10,20.0
EV100,CH018-CH024,1. Baixa Potência,3. Consumo Elevado,2,6,8.83,176.55,2021-06-11,19.99
EV100,CH018-CH024,1. Baixa Potência,3. Consumo Elevado,1,6,2.88,55.89,2021-06-13,19.4
EV100,CH018-CH024,1. Baixa Potência,3. Consumo Elevado,2,6,9.23,149.87,2021-06-14,16.23
EV100,CH018-CH024,2. Média Potência,3. Consumo Elevado,2,6,7.73,155.74,2021-06-15,20.16
EV100,CH018-CH024,1. Baixa Potência,3. Consumo Elevado,2,6,8.16,150.07,2021-06-16,18.38
EV100,CH018-CH024,1. Baixa Potência,3. Consumo Elevado,2,6,7.55,150.38,2021-06-17,19.92
EV100,CH018-CH024,2. Média Potência,3. Consumo Elevado,2,6,7.45,163.08,2021-06-18,21.88
EV100,CH018-CH024,2. Média Potência,3. Consumo Elevado,2,6,5.53,134.97,2021-06-21,24.41
EV100,CH018-CH024,1. Baixa Potência,3. Consumo Elevado,1,6,3.2,42.34,2021-06-22,13.22
EV100,CH018-CH024,1. Baixa Potência,3. Consumo Elevado,2,6,7.64,127.21,2021-06-23,16.66
EV100,CH018-CH024,1. Baixa Potência,3. Consumo Elevado,2,6,8.09,150.93,2021-06-24,18.65
EV100,CH018-CH024,2. Média Potência,3. Consumo Elevado,2,6,8.14,240.93,2021-06-25,29.61
EV100,CH018-CH024,2. Média Potência,3. Consumo Elevado,1,6,4.38,98.65,2021-06-26,22.54
EV100,CH018-CH024,1. Baixa Potência,3. Consumo Elevado,1,6,3.12,59.32,2021-06-27,19.04
EV100,CH018-CH024,2. Média Potência,3. Consumo Elevado,2,6,5.77,146.58,2021-06-28,25.41
EV100,CH018-CH024,1. Baixa Potência,3. Consumo Elevado,2,6,8.17,154.52,2021-06-29,18.92
EV100,CH018-CH024,2. Média Potência,3. Consumo Elevado,2,6,7.18,169.52,2021-06-30,23.62
